,Score
MING9UCCI,3.3
Jass2345,2.6
jaewon786,2.6
yougyeongsu,1.3
eunwoooo,2.3
seokwd,1.3
lsc1124,1.3
speedmult,1.3
lpoipk,1.3
Sernn0,1.3
dbrhr5,1.3
SongHyunWoo123,1.3
kanggyuhyuk,1.3
seojunyong00,1.3
cchhap,1.3
lad-blip,1.3
Bluewak,1.3
seongmin1538,1.3
eunoa,1.3
kjason0102,1.3
cmin03,1.3
AnhyunJun1741,1.3
sanghoon03,1.3
jhs1077,1.3
pogaem,1.3
lavee1023,1.3
hansangik2,1.3
seoyoomi,1.3
jungdongu,1.3
uzihyun,1.3
StaySober01,1.3
moongyeong000,1.3
grapefruit2589,1.3
Jae-Hyuk-Lee,1.3
how-to-song,1.3
joon0447,1.3
bym010312,1.3
ohhyeonghwan,1.3
kyagrd,2.6
sangmyoung0,1.3
JosephStalin0305,1.3
jinho131,1.3
Enzjo,1.3
MyeongHyeonCheol,1.3
KohSeungJae,1.3
jungsuryeon,1.3
keveu,1.3
jung0148,1.3
hyn033,1.3
Sinhyungju,1.3
syl0073,1.3
isDohyeon,1.3
sungh00,1.3
godolll,1.3
jeonggeun1,1.3
yoohyeonahh,1.3
taegeon1ee,1.3
JangNayoungg,1.3
INHYOYUN,1.3
porvs,1.3
jw21603,1.3
lxyul,1.3
sieunkirn,1.3
sun-juu,1.3
weeksun02,1.3
xhltkwk,1.3
kyahnu,1.7999999999999998
smallisl,0.3
hyunsang1021,0.3
parkjueuny,0.3
LIMGEUNHYEONG,0.6
